{"Topic number":{"0":0,"1":1,"2":2,"3":3,"4":4,"5":5,"6":6,"7":7,"8":8,"9":9,"10":10,"11":11,"12":12,"13":13,"14":14,"15":15,"16":16,"17":17,"18":18,"19":19},"bi_gram_all":{"0":null,"1":-1.134731405,"2":-1.2164674964,"3":-1.2906454952,"4":-1.3187552539,"5":-1.591315888,"6":-1.8638878501,"7":-1.8086890738,"8":-1.8698704946,"9":-1.8163920871,"10":-2.1679113323,"11":-2.6562425322,"12":-2.8949403402,"13":-3.1703554747,"14":-3.2620752251,"15":-3.4339425001,"16":-3.339437901,"17":-3.6108959199,"18":-3.5241888165,"19":-3.8227968164},"tri_gram_all":{"0":null,"1":-1.1347295009,"2":-1.218615572,"3":-1.2526078095,"4":-1.3408474396,"5":-1.4387365192,"6":-1.525422183,"7":-1.6099812154,"8":-1.9217520553,"9":-2.2054966434,"10":-2.1714374601,"11":-2.4547685963,"12":-2.352768013,"13":-2.5379152799,"14":-2.4730070634,"15":-3.3546606463,"16":-3.6281202949,"17":-3.2161858641,"18":-3.4540566207,"19":-3.4436091509},"bi_gram_40":{"0":null,"1":-0.994407876,"2":-1.0621402796,"3":-1.1405534099,"4":-1.2715617882,"5":-1.3153533708,"6":-1.4778417639,"7":-1.6304135468,"8":-1.8391983855,"9":-2.0042563308,"10":-2.0280923993,"11":-2.1920007193,"12":-2.8100896017,"13":-3.2549055389,"14":-3.7396436503,"15":-4.2193742476,"16":-4.2136480046,"17":-3.8019089067,"18":-4.9044329722,"19":-4.3969339435},"tri_gram_40":{"0":null,"1":-0.9943869505,"2":-1.06521989,"3":-1.1636623431,"4":-1.2838634445,"5":-1.3660104962,"6":-1.4552640647,"7":-1.5209471496,"8":-1.7866153594,"9":-2.0972596959,"10":-2.896155551,"11":-3.361698083,"12":-2.9504717999,"13":-3.1233135762,"14":-3.7900530335,"15":-3.9880956746,"16":-4.1392814921,"17":-3.7528412002,"18":-3.5875853529,"19":-3.8128234692}}