{"bi_gram":{"0":null,"1":0.3036904523,"2":0.3584973398,"3":0.3627586155,"4":0.3636639208,"5":0.399024316,"6":0.388721884,"7":0.4223242924,"8":0.3844280212,"9":0.3670033539,"10":0.3823557121,"11":0.3576317499,"12":0.3478970728,"13":0.326575932,"14":0.3667112516,"15":0.3461881854,"16":0.3582703688,"17":0.3720078587,"18":0.3396673957,"19":0.3235884453,"20":0.3191738022,"21":0.3582214803,"22":0.3421882252,"23":0.3070944971,"24":0.2948315999,"25":0.3417311599,"26":0.3253402271,"27":0.3222864325,"28":0.3643459929,"29":0.4066058549},"tri_gram":{"0":null,"1":0.3030723551,"2":0.3572833165,"3":0.362717585,"4":0.3689526708,"5":0.3522337045,"6":0.3362005374,"7":0.3170332694,"8":0.3377459778,"9":0.2998215136,"10":0.2870776665,"11":0.3229940577,"12":0.3433778895,"13":0.3542891139,"14":0.339352233,"15":0.3240166988,"16":0.3414986096,"17":0.3267834123,"18":0.3434758914,"19":0.3335050551,"20":0.3691918128,"21":0.3183480947,"22":0.3503979318,"23":0.3270547816,"24":0.3418171834,"25":0.325684533,"26":0.318305918,"27":0.3489027081,"28":0.3538701133,"29":0.3456839107}}